{"mean":{"confidence_interval":{"confidence_level":0.95,"lower_bound":32542.671357601233,"upper_bound":32874.72549873797},"point_estimate":32704.15038384155,"standard_error":84.93479416343438},"median":{"confidence_interval":{"confidence_level":0.95,"lower_bound":32418.90890884424,"upper_bound":32855.75141730483},"point_estimate":32574.418467076146,"standard_error":122.10578391205156},"median_abs_dev":{"confidence_interval":{"confidence_level":0.95,"lower_bound":201.45375381913206,"upper_bound":644.0711771572879},"point_estimate":417.10422460397103,"standard_error":113.03476299812357},"slope":{"confidence_interval":{"confidence_level":0.95,"lower_bound":32459.6931343354,"upper_bound":32728.46279702036},"point_estimate":32583.639615351673,"standard_error":68.81835047831896},"std_dev":{"confidence_interval":{"confidence_level":0.95,"lower_bound":342.01369134684194,"upper_bound":569.8592431246724},"point_estimate":473.9093943756662,"standard_error":57.8628950621704}}