{"mean":{"confidence_interval":{"confidence_level":0.95,"lower_bound":17002.499126300714,"upper_bound":17269.883098936625},"point_estimate":17140.817159859125,"standard_error":68.45596924390978},"median":{"confidence_interval":{"confidence_level":0.95,"lower_bound":16980.292722837083,"upper_bound":17373.53895186243},"point_estimate":17158.20849123785,"standard_error":103.04861448382982},"median_abs_dev":{"confidence_interval":{"confidence_level":0.95,"lower_bound":164.27166920279737,"upper_bound":465.2288800464885},"point_estimate":326.737306796551,"standard_error":80.59098299364737},"slope":{"confidence_interval":{"confidence_level":0.95,"lower_bound":17119.366976669135,"upper_bound":17375.50886933416},"point_estimate":17271.19679830623,"standard_error":65.76127030972235},"std_dev":{"confidence_interval":{"confidence_level":0.95,"lower_bound":214.66227372251282,"upper_bound":390.98848416763127},"point_estimate":312.9541327946772,"standard_error":45.90024520245662}}