{"mean":{"confidence_interval":{"confidence_level":0.95,"lower_bound":892570.7143800575,"upper_bound":901036.1841852166},"point_estimate":897087.873299934,"standard_error":2168.937816325947},"median":{"confidence_interval":{"confidence_level":0.95,"lower_bound":894005.7521338724,"upper_bound":902464.8371069182},"point_estimate":900205.4879994451,"standard_error":2257.1447092718495},"median_abs_dev":{"confidence_interval":{"confidence_level":0.95,"lower_bound":3542.0524227763563,"upper_bound":12956.504943089161},"point_estimate":7769.581030901212,"standard_error":2425.766092219461},"slope":{"confidence_interval":{"confidence_level":0.95,"lower_bound":899785.9662254232,"upper_bound":903758.3081925624},"point_estimate":901857.4855565052,"standard_error":999.1235850600634},"std_dev":{"confidence_interval":{"confidence_level":0.95,"lower_bound":5713.976065939713,"upper_bound":13471.34852534436},"point_estimate":9940.232978006352,"standard_error":2083.0486182868062}}