{"mean":{"confidence_interval":{"confidence_level":0.95,"lower_bound":31936.630762275126,"upper_bound":32251.145729341013},"point_estimate":32089.86000008111,"standard_error":80.3116550154676},"median":{"confidence_interval":{"confidence_level":0.95,"lower_bound":31878.862492591274,"upper_bound":32269.711756756755},"point_estimate":32014.772953667954,"standard_error":99.52393269031838},"median_abs_dev":{"confidence_interval":{"confidence_level":0.95,"lower_bound":136.45406164840298,"upper_bound":539.1493915177095},"point_estimate":278.381329305146,"standard_error":99.43212168552846},"slope":{"confidence_interval":{"confidence_level":0.95,"lower_bound":31811.890165609977,"upper_bound":32126.432981624563},"point_estimate":31968.757027497883,"standard_error":80.03507900808269},"std_dev":{"confidence_interval":{"confidence_level":0.95,"lower_bound":237.4501253058959,"upper_bound":473.545937455646},"point_estimate":369.8898855232003,"standard_error":60.56985501742856}}