{"mean":{"confidence_interval":{"confidence_level":0.95,"lower_bound":46926.0941202657,"upper_bound":47561.29302270315},"point_estimate":47253.34752355916,"standard_error":161.83214819994836},"median":{"confidence_interval":{"confidence_level":0.95,"lower_bound":46997.85851095499,"upper_bound":47681.75224117987},"point_estimate":47250.88815789473,"standard_error":160.4107159617397},"median_abs_dev":{"confidence_interval":{"confidence_level":0.95,"lower_bound":275.47972949512234,"upper_bound":1126.344974327774},"point_estimate":595.7697012650741,"standard_error":200.53951990773143},"slope":{"confidence_interval":{"confidence_level":0.95,"lower_bound":47246.23740543622,"upper_bound":47937.39830965865},"point_estimate":47622.84465678737,"standard_error":177.2166644448884},"std_dev":{"confidence_interval":{"confidence_level":0.95,"lower_bound":466.80362269965343,"upper_bound":944.5635719599527},"point_estimate":742.6449341393009,"standard_error":122.89646244723339}}