{"mean":{"confidence_interval":{"confidence_level":0.95,"lower_bound":16639.90753513748,"upper_bound":16902.080534023477},"point_estimate":16767.26407798602,"standard_error":67.11595297255661},"median":{"confidence_interval":{"confidence_level":0.95,"lower_bound":16540.549425043595,"upper_bound":16908.073351755167},"point_estimate":16742.607375811913,"standard_error":122.23010691051847},"median_abs_dev":{"confidence_interval":{"confidence_level":0.95,"lower_bound":229.54820268687607,"upper_bound":559.5047909526771},"point_estimate":383.8496010019274,"standard_error":82.2526592430567},"slope":{"confidence_interval":{"confidence_level":0.95,"lower_bound":16641.55464987042,"upper_bound":16974.29353403026},"point_estimate":16817.755115209722,"standard_error":85.19231207759536},"std_dev":{"confidence_interval":{"confidence_level":0.95,"lower_bound":278.65406606184956,"upper_bound":450.11180385362815},"point_estimate":373.94314891417525,"standard_error":43.94744142706758}}