{"mean":{"confidence_interval":{"confidence_level":0.95,"lower_bound":49103.95154747314,"upper_bound":49492.99531926652},"point_estimate":49295.35169332473,"standard_error":99.1901344295784},"median":{"confidence_interval":{"confidence_level":0.95,"lower_bound":48919.399638508374,"upper_bound":49498.61731647348},"point_estimate":49334.74424417208,"standard_error":168.11812191386386},"median_abs_dev":{"confidence_interval":{"confidence_level":0.95,"lower_bound":297.9821593946931,"upper_bound":870.2890061145714},"point_estimate":560.4446656541023,"standard_error":143.73432013228035},"slope":{"confidence_interval":{"confidence_level":0.95,"lower_bound":49106.27238584349,"upper_bound":49542.09367459274},"point_estimate":49320.64463923077,"standard_error":111.61196533685258},"std_dev":{"confidence_interval":{"confidence_level":0.95,"lower_bound":409.303494761834,"upper_bound":659.8538424111368},"point_estimate":551.6780251044247,"standard_error":64.15596570522455}}