{"mean":{"confidence_interval":{"confidence_level":0.95,"lower_bound":815087.672989123,"upper_bound":821912.5053197957},"point_estimate":818568.676828938,"standard_error":1742.8908103429906},"median":{"confidence_interval":{"confidence_level":0.95,"lower_bound":813720.1412835249,"upper_bound":823654.9459051724},"point_estimate":818463.7695812808,"standard_error":2550.687825824017},"median_abs_dev":{"confidence_interval":{"confidence_level":0.95,"lower_bound":4079.060319457249,"upper_bound":11516.491203300086},"point_estimate":8712.885577017985,"standard_error":1922.511991274515},"slope":{"confidence_interval":{"confidence_level":0.95,"lower_bound":815072.1411104387,"upper_bound":823829.1757615408},"point_estimate":819136.3240898715,"standard_error":2242.1059469677534},"std_dev":{"confidence_interval":{"confidence_level":0.95,"lower_bound":5435.221071104478,"upper_bound":9991.578374179895},"point_estimate":8012.502470922522,"standard_error":1171.3920855208542}}