{"mean":{"confidence_interval":{"confidence_level":0.95,"lower_bound":32566.00937254156,"upper_bound":32883.84761946359},"point_estimate":32723.370323671494,"standard_error":81.1576708636146},"median":{"confidence_interval":{"confidence_level":0.95,"lower_bound":32431.594109808102,"upper_bound":32951.89240781387},"point_estimate":32722.915036828843,"standard_error":143.3114714000373},"median_abs_dev":{"confidence_interval":{"confidence_level":0.95,"lower_bound":305.21165158548655,"upper_bound":686.0642864766406},"point_estimate":550.7542089436937,"standard_error":97.19636443199214},"slope":{"confidence_interval":{"confidence_level":0.95,"lower_bound":32432.79147879584,"upper_bound":32725.351366804218},"point_estimate":32558.7849627063,"standard_error":74.79052764599378},"std_dev":{"confidence_interval":{"confidence_level":0.95,"lower_bound":350.9549320582686,"upper_bound":537.3745395974396},"point_estimate":452.7485949063991,"standard_error":47.703110882115226}}