{"mean":{"confidence_interval":{"confidence_level":0.95,"lower_bound":33163.90978058289,"upper_bound":33460.86050319582},"point_estimate":33315.77316361902,"standard_error":75.86162782372331},"median":{"confidence_interval":{"confidence_level":0.95,"lower_bound":33156.93819529236,"upper_bound":33497.14862472766},"point_estimate":33430.05502946128,"standard_error":89.16511211160537},"median_abs_dev":{"confidence_interval":{"confidence_level":0.95,"lower_bound":125.69267508332089,"upper_bound":569.5580719535059},"point_estimate":404.92301115001345,"standard_error":115.24204992795885},"slope":{"confidence_interval":{"confidence_level":0.95,"lower_bound":33147.11392217448,"upper_bound":33488.93690660961},"point_estimate":33315.572316887665,"standard_error":87.24357570846178},"std_dev":{"confidence_interval":{"confidence_level":0.95,"lower_bound":294.30150615314733,"upper_bound":528.1955306269426},"point_estimate":422.83456002537537,"standard_error":60.27575728986914}}