{"mean":{"confidence_interval":{"confidence_level":0.95,"lower_bound":154688.01199318137,"upper_bound":156667.2263919172},"point_estimate":155648.57002424222,"standard_error":505.1751812611313},"median":{"confidence_interval":{"confidence_level":0.95,"lower_bound":154033.29274004683,"upper_bound":156467.70098360657},"point_estimate":155257.46801671488,"standard_error":607.8052132783494},"median_abs_dev":{"confidence_interval":{"confidence_level":0.95,"lower_bound":928.3079444253402,"upper_bound":3497.755765867136},"point_estimate":1917.2235619033613,"standard_error":668.5406179574924},"slope":{"confidence_interval":{"confidence_level":0.95,"lower_bound":153810.82823558548,"upper_bound":156429.41680824375},"point_estimate":154887.1980830525,"standard_error":677.3103919413107},"std_dev":{"confidence_interval":{"confidence_level":0.95,"lower_bound":1540.3673219704835,"upper_bound":2866.0992598327985},"point_estimate":2316.1728793921675,"standard_error":337.60268261695524}}