{"mean":{"confidence_interval":{"confidence_level":0.95,"lower_bound":49452.782035540804,"upper_bound":50083.88252360907},"point_estimate":49768.179216395925,"standard_error":161.05248496099847},"median":{"confidence_interval":{"confidence_level":0.95,"lower_bound":49340.68377806703,"upper_bound":50220.87673690205},"point_estimate":49936.19074601367,"standard_error":226.0083758775511},"median_abs_dev":{"confidence_interval":{"confidence_level":0.95,"lower_bound":565.0145363367673,"upper_bound":1277.2634978911208},"point_estimate":913.9290452779317,"standard_error":183.1855688631307},"slope":{"confidence_interval":{"confidence_level":0.95,"lower_bound":49130.868277038244,"upper_bound":49757.89199142168},"point_estimate":49433.72893251693,"standard_error":159.075536100495},"std_dev":{"confidence_interval":{"confidence_level":0.95,"lower_bound":673.3123551006676,"upper_bound":1088.021198029519},"point_estimate":898.7237415903184,"standard_error":106.09900211214175}}