{"mean":{"confidence_interval":{"confidence_level":0.95,"lower_bound":31141.121725072757,"upper_bound":31427.241203176876},"point_estimate":31284.136966969025,"standard_error":72.99946461733457},"median":{"confidence_interval":{"confidence_level":0.95,"lower_bound":31078.985329762763,"upper_bound":31525.357102087408},"point_estimate":31219.028757704826,"standard_error":101.3804110500563},"median_abs_dev":{"confidence_interval":{"confidence_level":0.95,"lower_bound":139.68678143089173,"upper_bound":485.7303157694622},"point_estimate":339.31873161024816,"standard_error":95.98038662901958},"slope":{"confidence_interval":{"confidence_level":0.95,"lower_bound":31073.9281269995,"upper_bound":31395.484320199062},"point_estimate":31221.617206361327,"standard_error":81.93873160607376},"std_dev":{"confidence_interval":{"confidence_level":0.95,"lower_bound":227.65646836915326,"upper_bound":415.36030394163004},"point_estimate":333.34605262623774,"standard_error":48.23012634185045}}