{"mean":{"confidence_interval":{"confidence_level":0.95,"lower_bound":132422.7765520924,"upper_bound":133136.71729682988},"point_estimate":132775.52975105148,"standard_error":181.5350013897449},"median":{"confidence_interval":{"confidence_level":0.95,"lower_bound":132175.46055779402,"upper_bound":132983.74334025854},"point_estimate":132800.55939519854,"standard_error":199.85618024099116},"median_abs_dev":{"confidence_interval":{"confidence_level":0.95,"lower_bound":229.87705747012492,"upper_bound":1265.2860364335318},"point_estimate":971.2485608102714,"standard_error":272.01269713604233},"slope":{"confidence_interval":{"confidence_level":0.95,"lower_bound":132277.94506549506,"upper_bound":132856.33958930004},"point_estimate":132547.45203026824,"standard_error":146.7494189400538},"std_dev":{"confidence_interval":{"confidence_level":0.95,"lower_bound":566.7994275368584,"upper_bound":1028.2017392440232},"point_estimate":834.251298745765,"standard_error":117.42385699850617}}