{"mean":{"confidence_interval":{"confidence_level":0.95,"lower_bound":24867.44714261966,"upper_bound":25108.662411077414},"point_estimate":24989.295747463148,"standard_error":61.48887127477641},"median":{"confidence_interval":{"confidence_level":0.95,"lower_bound":24837.397404048374,"upper_bound":25189.100106338403},"point_estimate":24990.19481041628,"standard_error":83.21421997043235},"median_abs_dev":{"confidence_interval":{"confidence_level":0.95,"lower_bound":154.7823453036495,"upper_bound":438.65283588877605},"point_estimate":327.0527681684152,"standard_error":74.33294516148983},"slope":{"confidence_interval":{"confidence_level":0.95,"lower_bound":24768.797223316826,"upper_bound":25106.185151924532},"point_estimate":24932.59710134573,"standard_error":86.71577237412228},"std_dev":{"confidence_interval":{"confidence_level":0.95,"lower_bound":200.3880615138699,"upper_bound":345.420275663063},"point_estimate":283.64611031390183,"standard_error":37.29295021087405}}