{"mean":{"confidence_interval":{"confidence_level":0.95,"lower_bound":31833.2133972273,"upper_bound":32234.054620315892},"point_estimate":32037.0392753213,"standard_error":102.27690015365272},"median":{"confidence_interval":{"confidence_level":0.95,"lower_bound":31817.77245791246,"upper_bound":32297.22444023569},"point_estimate":32123.333756613756,"standard_error":113.85188174907965},"median_abs_dev":{"confidence_interval":{"confidence_level":0.95,"lower_bound":335.85360083370347,"upper_bound":821.1095977077737},"point_estimate":682.9633784063792,"standard_error":132.3276869737197},"slope":{"confidence_interval":{"confidence_level":0.95,"lower_bound":31763.091377642482,"upper_bound":32253.731453984263},"point_estimate":32014.81452823315,"standard_error":124.91700654816714},"std_dev":{"confidence_interval":{"confidence_level":0.95,"lower_bound":429.3378862796593,"upper_bound":675.6831785573626},"point_estimate":569.2153980496618,"standard_error":62.90455251897186}}