{"mean":{"confidence_interval":{"confidence_level":0.95,"lower_bound":51795.29187064151,"upper_bound":52134.40636350699},"point_estimate":51968.61130433511,"standard_error":86.00038834669772},"median":{"confidence_interval":{"confidence_level":0.95,"lower_bound":51829.776414103806,"upper_bound":52170.68781284004},"point_estimate":51997.53950334214,"standard_error":84.3887804460713},"median_abs_dev":{"confidence_interval":{"confidence_level":0.95,"lower_bound":147.03532237648042,"upper_bound":454.5916159708613},"point_estimate":306.1621857234101,"standard_error":77.00537547243518},"slope":{"confidence_interval":{"confidence_level":0.95,"lower_bound":51795.61311497832,"upper_bound":52043.70550636912},"point_estimate":51916.77581638882,"standard_error":63.143496858254004},"std_dev":{"confidence_interval":{"confidence_level":0.95,"lower_bound":209.65677912647539,"upper_bound":538.9269840274974},"point_estimate":394.5473092638708,"standard_error":84.2806356362236}}