{"mean":{"confidence_interval":{"confidence_level":0.95,"lower_bound":21233.182028969833,"upper_bound":21478.3468450171},"point_estimate":21357.68269550512,"standard_error":62.79205950524034},"median":{"confidence_interval":{"confidence_level":0.95,"lower_bound":21146.574234224674,"upper_bound":21537.981385270195},"point_estimate":21412.503833134208,"standard_error":108.5548408195813},"median_abs_dev":{"confidence_interval":{"confidence_level":0.95,"lower_bound":123.14160586764463,"upper_bound":487.70132407603984},"point_estimate":359.06504999852734,"standard_error":94.20941818223909},"slope":{"confidence_interval":{"confidence_level":0.95,"lower_bound":21279.703317713873,"upper_bound":21512.547879525875},"point_estimate":21396.916137149852,"standard_error":59.74595881544185},"std_dev":{"confidence_interval":{"confidence_level":0.95,"lower_bound":213.27469584697343,"upper_bound":339.05171538082493},"point_estimate":287.4190578071762,"standard_error":32.09131115758544}}