{"mean":{"confidence_interval":{"confidence_level":0.95,"lower_bound":26115.642645414606,"upper_bound":26350.581592267736},"point_estimate":26236.555379980753,"standard_error":60.021506809171015},"median":{"confidence_interval":{"confidence_level":0.95,"lower_bound":26113.83852899432,"upper_bound":26433.721922141118},"point_estimate":26295.51851690933,"standard_error":81.54845313983444},"median_abs_dev":{"confidence_interval":{"confidence_level":0.95,"lower_bound":182.95046343950168,"upper_bound":493.4180936348128},"point_estimate":293.53718442932404,"standard_error":74.72113546618627},"slope":{"confidence_interval":{"confidence_level":0.95,"lower_bound":26038.864641744283,"upper_bound":26335.527609812823},"point_estimate":26196.6299033326,"standard_error":75.56062101758529},"std_dev":{"confidence_interval":{"confidence_level":0.95,"lower_bound":242.16830643750262,"upper_bound":401.14599236993706},"point_estimate":333.5718285955767,"standard_error":40.529259691826134}}