{"mean":{"confidence_interval":{"confidence_level":0.95,"lower_bound":2904885.409887387,"upper_bound":3012289.678817697},"point_estimate":2962244.350135707,"standard_error":27514.29592635899},"median":{"confidence_interval":{"confidence_level":0.95,"lower_bound":2983629.29537037,"upper_bound":3040324.247159091},"point_estimate":3005949.9395061727,"standard_error":21527.102492985032},"median_abs_dev":{"confidence_interval":{"confidence_level":0.95,"lower_bound":23053.965461080563,"upper_bound":130724.36857605376},"point_estimate":54628.3338203849,"standard_error":27972.61545145225},"slope":{"confidence_interval":{"confidence_level":0.95,"lower_bound":2798137.284635041,"upper_bound":2965801.0603682273},"point_estimate":2868226.607007356,"standard_error":42820.62896102075},"std_dev":{"confidence_interval":{"confidence_level":0.95,"lower_bound":71554.4879141234,"upper_bound":154139.1574759937},"point_estimate":125831.3913993189,"standard_error":21244.50599134214}}