{"mean":{"confidence_interval":{"confidence_level":0.95,"lower_bound":27370.882404760945,"upper_bound":27978.37629998348},"point_estimate":27660.814588762827,"standard_error":155.77385623167203},"median":{"confidence_interval":{"confidence_level":0.95,"lower_bound":27197.09351611975,"upper_bound":27937.142596704776},"point_estimate":27543.523862982154,"standard_error":192.71848278550058},"median_abs_dev":{"confidence_interval":{"confidence_level":0.95,"lower_bound":285.7828689159746,"upper_bound":1002.9866071869744},"point_estimate":654.8738751869855,"standard_error":189.84207580248878},"slope":{"confidence_interval":{"confidence_level":0.95,"lower_bound":27107.883502799712,"upper_bound":27900.62750061738},"point_estimate":27447.002615146062,"standard_error":202.7222809688117},"std_dev":{"confidence_interval":{"confidence_level":0.95,"lower_bound":455.0433460612026,"upper_bound":883.1133208000474},"point_estimate":712.5396442222277,"standard_error":108.99297479204628}}