{"mean":{"confidence_interval":{"confidence_level":0.95,"lower_bound":254271.50088090062,"upper_bound":259535.63008805478},"point_estimate":256835.43122341242,"standard_error":1351.7597425618872},"median":{"confidence_interval":{"confidence_level":0.95,"lower_bound":253595.93017260957,"upper_bound":258838.66674174173},"point_estimate":255629.5956934957,"standard_error":1332.1718290642843},"median_abs_dev":{"confidence_interval":{"confidence_level":0.95,"lower_bound":2065.737161122053,"upper_bound":9199.015310063161},"point_estimate":4881.412745591148,"standard_error":1953.8693966707997},"slope":{"confidence_interval":{"confidence_level":0.95,"lower_bound":252205.25752916886,"upper_bound":258534.7400459897},"point_estimate":254762.7435822582,"standard_error":1628.5935068645792},"std_dev":{"confidence_interval":{"confidence_level":0.95,"lower_bound":4029.3631219409317,"upper_bound":7716.167018594644},"point_estimate":6222.597951847212,"standard_error":940.8740933690067}}