{"mean":{"confidence_interval":{"confidence_level":0.95,"lower_bound":29091.05571820693,"upper_bound":29288.9012447489},"point_estimate":29186.34239735846,"standard_error":50.69757778710795},"median":{"confidence_interval":{"confidence_level":0.95,"lower_bound":29055.325268817203,"upper_bound":29239.384982496893},"point_estimate":29115.056899641575,"standard_error":46.87652250436749},"median_abs_dev":{"confidence_interval":{"confidence_level":0.95,"lower_bound":120.84508215728108,"upper_bound":335.1164343506118},"point_estimate":224.23463278275685,"standard_error":55.08191475715523},"slope":{"confidence_interval":{"confidence_level":0.95,"lower_bound":29029.221204145175,"upper_bound":29206.9586015404},"point_estimate":29110.957868056386,"standard_error":45.391405318804935},"std_dev":{"confidence_interval":{"confidence_level":0.95,"lower_bound":193.2328631106859,"upper_bound":343.87920801372707},"point_estimate":282.189130269858,"standard_error":38.41072105396006}}