{"mean":{"confidence_interval":{"confidence_level":0.95,"lower_bound":48362.53250753007,"upper_bound":49076.98483275647},"point_estimate":48717.72325969921,"standard_error":183.1222837348501},"median":{"confidence_interval":{"confidence_level":0.95,"lower_bound":48030.91637679797,"upper_bound":49201.601206480525},"point_estimate":48807.90212734525,"standard_error":310.1799276304691},"median_abs_dev":{"confidence_interval":{"confidence_level":0.95,"lower_bound":444.82836441916044,"upper_bound":1429.7941619135604},"point_estimate":1151.9590533100402,"standard_error":256.05914551485307},"slope":{"confidence_interval":{"confidence_level":0.95,"lower_bound":48093.77362601866,"upper_bound":48849.171789960725},"point_estimate":48436.23646645936,"standard_error":192.91076030754493},"std_dev":{"confidence_interval":{"confidence_level":0.95,"lower_bound":631.036531483457,"upper_bound":977.9011673495472},"point_estimate":838.7657673600966,"standard_error":88.64049044884908}}