{"mean":{"confidence_interval":{"confidence_level":0.95,"lower_bound":140940.05146905754,"upper_bound":142540.2855721347},"point_estimate":141753.2736581986,"standard_error":408.2732356576757},"median":{"confidence_interval":{"confidence_level":0.95,"lower_bound":140668.41036676645,"upper_bound":143186.34413230955},"point_estimate":141784.80613772455,"standard_error":702.5955499865914},"median_abs_dev":{"confidence_interval":{"confidence_level":0.95,"lower_bound":993.0920155652084,"upper_bound":3158.040507696051},"point_estimate":2372.6627767839927,"standard_error":530.5228912510759},"slope":{"confidence_interval":{"confidence_level":0.95,"lower_bound":141162.48570654468,"upper_bound":142964.56354807247},"point_estimate":142045.46783367064,"standard_error":463.03426185055406},"std_dev":{"confidence_interval":{"confidence_level":0.95,"lower_bound":1373.801930682727,"upper_bound":2212.564264532586},"point_estimate":1872.4705569185467,"standard_error":215.84169070941581}}