{"mean":{"confidence_interval":{"confidence_level":0.95,"lower_bound":32876.51422800949,"upper_bound":33189.264391755474},"point_estimate":33026.130097473724,"standard_error":80.09075545930108},"median":{"confidence_interval":{"confidence_level":0.95,"lower_bound":32767.39356107438,"upper_bound":33096.326103956606},"point_estimate":32983.91389083004,"standard_error":89.08510954307636},"median_abs_dev":{"confidence_interval":{"confidence_level":0.95,"lower_bound":132.87777287679714,"upper_bound":557.004176288697},"point_estimate":398.6775161948339,"standard_error":113.6346011958783},"slope":{"confidence_interval":{"confidence_level":0.95,"lower_bound":32874.944094040446,"upper_bound":33264.50562547367},"point_estimate":33070.64311864952,"standard_error":99.39244908141846},"std_dev":{"confidence_interval":{"confidence_level":0.95,"lower_bound":231.9527425867424,"upper_bound":450.73907017674486},"point_estimate":367.8823052001809,"standard_error":55.289301702894846}}