{"mean":{"confidence_interval":{"confidence_level":0.95,"lower_bound":130027.08874765554,"upper_bound":130693.96482695855},"point_estimate":130367.56604139984,"standard_error":169.56927633677893},"median":{"confidence_interval":{"confidence_level":0.95,"lower_bound":130147.14674408015,"upper_bound":130656.83167447307},"point_estimate":130284.02985106611,"standard_error":140.3845231342404},"median_abs_dev":{"confidence_interval":{"confidence_level":0.95,"lower_bound":179.27746061500304,"upper_bound":918.9229998982651},"point_estimate":555.7902438212656,"standard_error":185.03979059086484},"slope":{"confidence_interval":{"confidence_level":0.95,"lower_bound":130087.6322891735,"upper_bound":130776.51047681506},"point_estimate":130372.47793358847,"standard_error":176.25745559274876},"std_dev":{"confidence_interval":{"confidence_level":0.95,"lower_bound":415.26835829070325,"upper_bound":1061.0859284943676},"point_estimate":775.645688039817,"standard_error":167.59021177699805}}