{"mean":{"confidence_interval":{"confidence_level":0.95,"lower_bound":18378.255358252252,"upper_bound":18560.84471195507},"point_estimate":18470.006943954657,"standard_error":46.701949743516124},"median":{"confidence_interval":{"confidence_level":0.95,"lower_bound":18377.569429701485,"upper_bound":18593.960391479563},"point_estimate":18475.653810864223,"standard_error":60.89947890639559},"median_abs_dev":{"confidence_interval":{"confidence_level":0.95,"lower_bound":146.83533271571673,"upper_bound":460.0608184563871},"point_estimate":353.63858306751445,"standard_error":84.51252590358077},"slope":{"confidence_interval":{"confidence_level":0.95,"lower_bound":18431.618489092714,"upper_bound":18656.66105097148},"point_estimate":18550.16117569909,"standard_error":57.61568447391677},"std_dev":{"confidence_interval":{"confidence_level":0.95,"lower_bound":208.13798545445204,"upper_bound":299.07766511776384},"point_estimate":260.8188746052299,"standard_error":23.225491127615847}}