{"mean":{"confidence_interval":{"confidence_level":0.95,"lower_bound":51943.954229986244,"upper_bound":52247.72800065415},"point_estimate":52094.71525116198,"standard_error":77.42178624700205},"median":{"confidence_interval":{"confidence_level":0.95,"lower_bound":51847.28115730147,"upper_bound":52293.82387727705},"point_estimate":51984.99883208579,"standard_error":112.89557290200484},"median_abs_dev":{"confidence_interval":{"confidence_level":0.95,"lower_bound":223.6456815621675,"upper_bound":652.4316841899688},"point_estimate":451.482166738517,"standard_error":106.06391455602909},"slope":{"confidence_interval":{"confidence_level":0.95,"lower_bound":51914.96244611225,"upper_bound":52260.78596735895},"point_estimate":52088.38044972754,"standard_error":88.14420462666904},"std_dev":{"confidence_interval":{"confidence_level":0.95,"lower_bound":335.141010066922,"upper_bound":507.5124879495948},"point_estimate":431.8982182459084,"standard_error":43.8166053317474}}