{"mean":{"confidence_interval":{"confidence_level":0.95,"lower_bound":22817.19327137782,"upper_bound":23091.088283244964},"point_estimate":22952.935393357428,"standard_error":69.80333951252247},"median":{"confidence_interval":{"confidence_level":0.95,"lower_bound":22789.957153144504,"upper_bound":23186.346519443112},"point_estimate":22914.20091214594,"standard_error":101.06718866486854},"median_abs_dev":{"confidence_interval":{"confidence_level":0.95,"lower_bound":153.63878181389478,"upper_bound":505.0474081915613},"point_estimate":405.2501544302869,"standard_error":98.1128376582677},"slope":{"confidence_interval":{"confidence_level":0.95,"lower_bound":22657.898476797538,"upper_bound":22962.74177263021},"point_estimate":22802.489242933923,"standard_error":77.8045543422269},"std_dev":{"confidence_interval":{"confidence_level":0.95,"lower_bound":232.54797234941395,"upper_bound":382.7273910526464},"point_estimate":318.9266402794572,"standard_error":38.377831390651174}}