{"mean":{"confidence_interval":{"confidence_level":0.95,"lower_bound":865098.7584200086,"upper_bound":870999.9476840124},"point_estimate":868183.4574419132,"standard_error":1504.2126431178408},"median":{"confidence_interval":{"confidence_level":0.95,"lower_bound":866221.5892857143,"upper_bound":871453.0265731292},"point_estimate":867754.1669642858,"standard_error":1411.081869323801},"median_abs_dev":{"confidence_interval":{"confidence_level":0.95,"lower_bound":1850.2805868877765,"upper_bound":7756.128784622623},"point_estimate":5441.9165335205835,"standard_error":1534.8228735106316},"slope":{"confidence_interval":{"confidence_level":0.95,"lower_bound":866875.5108279045,"upper_bound":873668.7866108179},"point_estimate":870047.5231893978,"standard_error":1741.168765426958},"std_dev":{"confidence_interval":{"confidence_level":0.95,"lower_bound":3716.716994362921,"upper_bound":9577.675022380043},"point_estimate":6912.496874295012,"standard_error":1560.0010769253986}}