{"mean":{"confidence_interval":{"confidence_level":0.95,"lower_bound":16024.022966056797,"upper_bound":16140.41619323495},"point_estimate":16081.380722591979,"standard_error":29.65780854055749},"median":{"confidence_interval":{"confidence_level":0.95,"lower_bound":16000.3943969106,"upper_bound":16169.972318249296},"point_estimate":16046.637001113395,"standard_error":49.13261066472279},"median_abs_dev":{"confidence_interval":{"confidence_level":0.95,"lower_bound":44.35226735668987,"upper_bound":220.97494987750622},"point_estimate":125.65937230661254,"standard_error":44.77793493122784},"slope":{"confidence_interval":{"confidence_level":0.95,"lower_bound":15977.90487915411,"upper_bound":16123.221924082753},"point_estimate":16046.683948013317,"standard_error":37.35954825759199},"std_dev":{"confidence_interval":{"confidence_level":0.95,"lower_bound":97.16840811083266,"upper_bound":164.46185806815015},"point_estimate":135.91113094325794,"standard_error":17.318026370359068}}