{"mean":{"confidence_interval":{"confidence_level":0.95,"lower_bound":36706.645056959336,"upper_bound":37331.48710134116},"point_estimate":37007.95398812981,"standard_error":159.3794936808855},"median":{"confidence_interval":{"confidence_level":0.95,"lower_bound":36686.50038357686,"upper_bound":37135.28368725869},"point_estimate":36874.37972972973,"standard_error":124.09058637142195},"median_abs_dev":{"confidence_interval":{"confidence_level":0.95,"lower_bound":197.1308149263014,"upper_bound":933.1529049370247},"point_estimate":428.69015196248813,"standard_error":205.43292781363166},"slope":{"confidence_interval":{"confidence_level":0.95,"lower_bound":36555.16562341247,"upper_bound":37251.86739584184},"point_estimate":36921.21731801488,"standard_error":178.0120758502269},"std_dev":{"confidence_interval":{"confidence_level":0.95,"lower_bound":425.27265729103283,"upper_bound":965.8225354366352},"point_estimate":732.5481695956677,"standard_error":139.10024070332162}}