{"mean":{"confidence_interval":{"confidence_level":0.95,"lower_bound":23707.920747996875,"upper_bound":23962.564483754122},"point_estimate":23827.927825187468,"standard_error":65.11952021984193},"median":{"confidence_interval":{"confidence_level":0.95,"lower_bound":23642.63632502831,"upper_bound":23912.49597446721},"point_estimate":23772.35958416819,"standard_error":75.0255590872209},"median_abs_dev":{"confidence_interval":{"confidence_level":0.95,"lower_bound":184.5208723186614,"upper_bound":413.16134291406917},"point_estimate":308.48670164566994,"standard_error":58.432513715997366},"slope":{"confidence_interval":{"confidence_level":0.95,"lower_bound":23636.832059233755,"upper_bound":23979.46118543932},"point_estimate":23776.121674523118,"standard_error":90.68993428698016},"std_dev":{"confidence_interval":{"confidence_level":0.95,"lower_bound":216.25050067590794,"upper_bound":476.38333557204874},"point_estimate":363.2774301669154,"standard_error":67.12278084492195}}