{"mean":{"confidence_interval":{"confidence_level":0.95,"lower_bound":46422.91820622156,"upper_bound":47068.91724845139},"point_estimate":46736.08371101261,"standard_error":165.14407275914013},"median":{"confidence_interval":{"confidence_level":0.95,"lower_bound":46377.693689750144,"upper_bound":47009.816666666666},"point_estimate":46695.8539092296,"standard_error":164.91608507543236},"median_abs_dev":{"confidence_interval":{"confidence_level":0.95,"lower_bound":441.7731790844877,"upper_bound":1302.2137429636382},"point_estimate":783.2187343897716,"standard_error":228.24157178808315},"slope":{"confidence_interval":{"confidence_level":0.95,"lower_bound":46330.32498016776,"upper_bound":46880.409783717456},"point_estimate":46603.30237509484,"standard_error":140.73056236001523},"std_dev":{"confidence_interval":{"confidence_level":0.95,"lower_bound":639.1115828116934,"upper_bound":1156.8157980261235},"point_estimate":917.8554825124224,"standard_error":133.86244712998808}}