{"mean":{"confidence_interval":{"confidence_level":0.95,"lower_bound":144770.35044492382,"upper_bound":145623.88766403124},"point_estimate":145164.64454752998,"standard_error":217.867533494389},"median":{"confidence_interval":{"confidence_level":0.95,"lower_bound":144558.32976554538,"upper_bound":145447.14029051986},"point_estimate":144889.53350013902,"standard_error":264.4102186776121},"median_abs_dev":{"confidence_interval":{"confidence_level":0.95,"lower_bound":406.66985743434594,"upper_bound":1348.9696940173562},"point_estimate":826.7078127416625,"standard_error":245.24578744996631},"slope":{"confidence_interval":{"confidence_level":0.95,"lower_bound":144548.50722754197,"upper_bound":145472.5435809406},"point_estimate":144971.7311937261,"standard_error":236.53836852976158},"std_dev":{"confidence_interval":{"confidence_level":0.95,"lower_bound":573.0879912180103,"upper_bound":1368.3690892365548},"point_estimate":999.0699733101695,"standard_error":218.46342222725815}}