{"mean":{"confidence_interval":{"confidence_level":0.95,"lower_bound":49483.33600701898,"upper_bound":50140.67397281435},"point_estimate":49802.344830421745,"standard_error":167.6893723397997},"median":{"confidence_interval":{"confidence_level":0.95,"lower_bound":49356.68083216783,"upper_bound":50199.911096256685},"point_estimate":49669.2451446281,"standard_error":203.40269745146273},"median_abs_dev":{"confidence_interval":{"confidence_level":0.95,"lower_bound":503.47951572656746,"upper_bound":1276.4224205214962},"point_estimate":885.6379135949627,"standard_error":189.90349728237112},"slope":{"confidence_interval":{"confidence_level":0.95,"lower_bound":49240.718901965774,"upper_bound":49930.215295057904},"point_estimate":49581.60192923417,"standard_error":176.64662764125092},"std_dev":{"confidence_interval":{"confidence_level":0.95,"lower_bound":658.3091052342471,"upper_bound":1164.717648774636},"point_estimate":936.3657610887127,"standard_error":130.32514007099545}}