{"mean":{"confidence_interval":{"confidence_level":0.95,"lower_bound":16909.98029245058,"upper_bound":17084.358423517166},"point_estimate":16996.03664366724,"standard_error":44.56281915810676},"median":{"confidence_interval":{"confidence_level":0.95,"lower_bound":16894.37092496751,"upper_bound":17133.987392703864},"point_estimate":16957.296021101574,"standard_error":58.712036213535754},"median_abs_dev":{"confidence_interval":{"confidence_level":0.95,"lower_bound":89.74835319011098,"upper_bound":329.63734628832384},"point_estimate":203.70907730618532,"standard_error":62.15366599744573},"slope":{"confidence_interval":{"confidence_level":0.95,"lower_bound":16861.872262075358,"upper_bound":16981.16708495879},"point_estimate":16919.83844504095,"standard_error":30.16587516632349},"std_dev":{"confidence_interval":{"confidence_level":0.95,"lower_bound":142.04161397848648,"upper_bound":252.30756737785086},"point_estimate":204.67395631200037,"standard_error":28.14826270021261}}