{"mean":{"confidence_interval":{"confidence_level":0.95,"lower_bound":30140.347892795333,"upper_bound":30468.8500946178},"point_estimate":30309.673501952562,"standard_error":83.70347065337202},"median":{"confidence_interval":{"confidence_level":0.95,"lower_bound":30220.22682905885,"upper_bound":30473.305772460117},"point_estimate":30350.104383189042,"standard_error":65.88874524545714},"median_abs_dev":{"confidence_interval":{"confidence_level":0.95,"lower_bound":113.96080541159859,"upper_bound":490.9831409621475},"point_estimate":291.1941307294487,"standard_error":104.87544620497484},"slope":{"confidence_interval":{"confidence_level":0.95,"lower_bound":30109.656972584115,"upper_bound":30459.92303720447},"point_estimate":30297.444747847534,"standard_error":89.30210804165044},"std_dev":{"confidence_interval":{"confidence_level":0.95,"lower_bound":224.12216979655025,"upper_bound":496.6254964875574},"point_estimate":385.0533975433503,"standard_error":69.473002436561}}