{"mean":{"confidence_interval":{"confidence_level":0.95,"lower_bound":31499.587141777953,"upper_bound":31843.829676381683},"point_estimate":31662.409848808886,"standard_error":88.15825797159886},"median":{"confidence_interval":{"confidence_level":0.95,"lower_bound":31410.802993197278,"upper_bound":31760.910592469547},"point_estimate":31595.622953790393,"standard_error":108.27876328591276},"median_abs_dev":{"confidence_interval":{"confidence_level":0.95,"lower_bound":178.12286097722514,"upper_bound":589.0898921772247},"point_estimate":324.9094600396134,"standard_error":105.27400600349466},"slope":{"confidence_interval":{"confidence_level":0.95,"lower_bound":31380.155375466675,"upper_bound":31666.473985790253},"point_estimate":31493.940350978733,"standard_error":73.14233219041851},"std_dev":{"confidence_interval":{"confidence_level":0.95,"lower_bound":247.39230443052693,"upper_bound":519.7708958034756},"point_estimate":404.361103885492,"standard_error":70.60792891235835}}