{"mean":{"confidence_interval":{"confidence_level":0.95,"lower_bound":32509.368612783004,"upper_bound":33040.678248015574},"point_estimate":32782.0885950958,"standard_error":135.73106655520937},"median":{"confidence_interval":{"confidence_level":0.95,"lower_bound":32334.228359173125,"upper_bound":33163.80597355221},"point_estimate":32997.480113297555,"standard_error":205.6245660126917},"median_abs_dev":{"confidence_interval":{"confidence_level":0.95,"lower_bound":512.6966449824031,"upper_bound":1155.2305903556753},"point_estimate":958.6453957498718,"standard_error":162.39789913654093},"slope":{"confidence_interval":{"confidence_level":0.95,"lower_bound":32786.31505999878,"upper_bound":33264.19211081518},"point_estimate":33029.855239383614,"standard_error":121.42387031895848},"std_dev":{"confidence_interval":{"confidence_level":0.95,"lower_bound":589.053372402414,"upper_bound":872.8300369932623},"point_estimate":755.1252631134099,"standard_error":72.36517906436775}}