{"mean":{"confidence_interval":{"confidence_level":0.95,"lower_bound":25247.22628840151,"upper_bound":25468.099147878558},"point_estimate":25364.441351087316,"standard_error":56.53221394086792},"median":{"confidence_interval":{"confidence_level":0.95,"lower_bound":25319.88361889989,"upper_bound":25526.020135387487},"point_estimate":25410.10283088235,"standard_error":46.28484829213458},"median_abs_dev":{"confidence_interval":{"confidence_level":0.95,"lower_bound":128.70524315757228,"upper_bound":380.7986313214013},"point_estimate":216.82623440938897,"standard_error":64.23914478652627},"slope":{"confidence_interval":{"confidence_level":0.95,"lower_bound":25122.325556616055,"upper_bound":25499.554511879094},"point_estimate":25323.66382356052,"standard_error":96.80078544559923},"std_dev":{"confidence_interval":{"confidence_level":0.95,"lower_bound":183.00081192340406,"upper_bound":422.11193977263537},"point_estimate":315.5072525874196,"standard_error":62.64405264087527}}