{"mean":{"confidence_interval":{"confidence_level":0.95,"lower_bound":784590.8267753266,"upper_bound":791909.9357559632},"point_estimate":788215.3602556603,"standard_error":1868.6465826276356},"median":{"confidence_interval":{"confidence_level":0.95,"lower_bound":782696.7168402778,"upper_bound":793394.9757034632},"point_estimate":788744.8784313726,"standard_error":2663.26151269952},"median_abs_dev":{"confidence_interval":{"confidence_level":0.95,"lower_bound":4219.1097059877,"upper_bound":13697.355002509674},"point_estimate":8335.326062742284,"standard_error":2446.607076505457},"slope":{"confidence_interval":{"confidence_level":0.95,"lower_bound":783757.0743436114,"upper_bound":792298.7821673785},"point_estimate":787851.5689256678,"standard_error":2186.2577825549424},"std_dev":{"confidence_interval":{"confidence_level":0.95,"lower_bound":6085.942963737046,"upper_bound":10377.516276458284},"point_estimate":8557.066602376968,"standard_error":1101.06099126068}}