{"mean":{"confidence_interval":{"confidence_level":0.95,"lower_bound":22818.627962017363,"upper_bound":23002.06277084044},"point_estimate":22913.80166396963,"standard_error":46.80284721076428},"median":{"confidence_interval":{"confidence_level":0.95,"lower_bound":22840.904948544783,"upper_bound":23096.179676193922},"point_estimate":22955.01494257672,"standard_error":62.33062683755158},"median_abs_dev":{"confidence_interval":{"confidence_level":0.95,"lower_bound":67.95851587120184,"upper_bound":330.7125609279986},"point_estimate":224.96806671272333,"standard_error":68.81918787530411},"slope":{"confidence_interval":{"confidence_level":0.95,"lower_bound":22693.541327833027,"upper_bound":22969.48283138986},"point_estimate":22825.673815322607,"standard_error":70.5958771619882},"std_dev":{"confidence_interval":{"confidence_level":0.95,"lower_bound":146.09222904291286,"upper_bound":260.4017263054401},"point_estimate":215.3373141538166,"standard_error":29.313335205530866}}