{"mean":{"confidence_interval":{"confidence_level":0.95,"lower_bound":57614.43452634524,"upper_bound":58240.36793648889},"point_estimate":57924.90194524933,"standard_error":160.46394254097947},"median":{"confidence_interval":{"confidence_level":0.95,"lower_bound":57594.630884009006,"upper_bound":58210.467406692405},"point_estimate":58006.42810432811,"standard_error":149.79297835094994},"median_abs_dev":{"confidence_interval":{"confidence_level":0.95,"lower_bound":378.02382509301384,"upper_bound":1116.0066055570014},"point_estimate":797.1680197167411,"standard_error":182.18227290086617},"slope":{"confidence_interval":{"confidence_level":0.95,"lower_bound":57823.99644945979,"upper_bound":58452.15490442604},"point_estimate":58139.19168379379,"standard_error":159.5990126342804},"std_dev":{"confidence_interval":{"confidence_level":0.95,"lower_bound":623.4530000409088,"upper_bound":1123.239647980653},"point_estimate":895.072611143015,"standard_error":128.3760579806879}}