{"mean":{"confidence_interval":{"confidence_level":0.95,"lower_bound":63554.66197105359,"upper_bound":64307.69834998639},"point_estimate":63929.890140316704,"standard_error":193.10267330065875},"median":{"confidence_interval":{"confidence_level":0.95,"lower_bound":63400.62101097456,"upper_bound":64399.85976331361},"point_estimate":63974.14240282509,"standard_error":240.36183502420727},"median_abs_dev":{"confidence_interval":{"confidence_level":0.95,"lower_bound":521.3128972537241,"upper_bound":1655.3959208839433},"point_estimate":1019.5153103539589,"standard_error":295.66947841573085},"slope":{"confidence_interval":{"confidence_level":0.95,"lower_bound":63252.378652097934,"upper_bound":64146.2113446682},"point_estimate":63676.29374520854,"standard_error":227.21491750983887},"std_dev":{"confidence_interval":{"confidence_level":0.95,"lower_bound":818.1534755228591,"upper_bound":1277.4466082023423},"point_estimate":1078.714719691622,"standard_error":117.48775464431854}}