{"mean":{"confidence_interval":{"confidence_level":0.95,"lower_bound":58870.52170136375,"upper_bound":59568.959365015384},"point_estimate":59221.15822812396,"standard_error":177.5308847632475},"median":{"confidence_interval":{"confidence_level":0.95,"lower_bound":59004.37638923877,"upper_bound":59426.73614095402},"point_estimate":59355.565363128495,"standard_error":128.0935717390794},"median_abs_dev":{"confidence_interval":{"confidence_level":0.95,"lower_bound":372.55073802572764,"upper_bound":1307.4524943160104},"point_estimate":769.1795019017279,"standard_error":232.09143629538326},"slope":{"confidence_interval":{"confidence_level":0.95,"lower_bound":58835.77164703966,"upper_bound":59570.100738904424},"point_estimate":59224.60813822606,"standard_error":186.80465695638168},"std_dev":{"confidence_interval":{"confidence_level":0.95,"lower_bound":704.3345516043029,"upper_bound":1215.1865359457588},"point_estimate":992.5293308858784,"standard_error":130.50457378326558}}