{"mean":{"confidence_interval":{"confidence_level":0.95,"lower_bound":28942.79624018717,"upper_bound":29423.91759246815},"point_estimate":29162.272548077726,"standard_error":123.15986335040765},"median":{"confidence_interval":{"confidence_level":0.95,"lower_bound":28861.03000976018,"upper_bound":29312.237408401503},"point_estimate":29073.27179718513,"standard_error":109.16029802897542},"median_abs_dev":{"confidence_interval":{"confidence_level":0.95,"lower_bound":187.5292654378887,"upper_bound":612.7739241081737},"point_estimate":394.2214366612215,"standard_error":108.82661898568901},"slope":{"confidence_interval":{"confidence_level":0.95,"lower_bound":28924.05495279704,"upper_bound":29211.506652987304},"point_estimate":29050.803281674183,"standard_error":73.28877011144093},"std_dev":{"confidence_interval":{"confidence_level":0.95,"lower_bound":276.2060185822846,"upper_bound":810.5782046662625},"point_estimate":565.8720700654703,"standard_error":147.86584826597695}}