{"mean":{"confidence_interval":{"confidence_level":0.95,"lower_bound":16677.3716991454,"upper_bound":17028.34474676795},"point_estimate":16847.886485857212,"standard_error":89.53762956038679},"median":{"confidence_interval":{"confidence_level":0.95,"lower_bound":16583.503167554765,"upper_bound":16953.67452423243},"point_estimate":16801.878449745076,"standard_error":110.23515975844252},"median_abs_dev":{"confidence_interval":{"confidence_level":0.95,"lower_bound":114.4231586723998,"upper_bound":572.4849209829385},"point_estimate":333.5351936581829,"standard_error":115.58649230885148},"slope":{"confidence_interval":{"confidence_level":0.95,"lower_bound":16592.38618907351,"upper_bound":16855.74503862927},"point_estimate":16706.8663774825,"standard_error":67.13025763489586},"std_dev":{"confidence_interval":{"confidence_level":0.95,"lower_bound":259.58907999760646,"upper_bound":525.5974666583036},"point_estimate":410.69422358326614,"standard_error":68.45026983427833}}