{"mean":{"confidence_interval":{"confidence_level":0.95,"lower_bound":17147.516473723357,"upper_bound":17514.79724836981},"point_estimate":17336.461552278466,"standard_error":93.81665683198545},"median":{"confidence_interval":{"confidence_level":0.95,"lower_bound":17055.325261152495,"upper_bound":17602.666532730873},"point_estimate":17466.545471086407,"standard_error":124.45744771797334},"median_abs_dev":{"confidence_interval":{"confidence_level":0.95,"lower_bound":149.4705300998773,"upper_bound":685.8714266431903},"point_estimate":534.3544304445063,"standard_error":136.90415648793194},"slope":{"confidence_interval":{"confidence_level":0.95,"lower_bound":17089.095606575163,"upper_bound":17565.36665555113},"point_estimate":17327.75770912263,"standard_error":122.41381519495047},"std_dev":{"confidence_interval":{"confidence_level":0.95,"lower_bound":297.6699792886401,"upper_bound":516.0878380046421},"point_estimate":430.8549031693311,"standard_error":55.60780854716607}}