{"mean":{"confidence_interval":{"confidence_level":0.95,"lower_bound":26874.63560497679,"upper_bound":27743.39048789102},"point_estimate":27229.52103029923,"standard_error":226.9618073827993},"median":{"confidence_interval":{"confidence_level":0.95,"lower_bound":26848.16775278739,"upper_bound":27132.398952326028},"point_estimate":26996.491175622497,"standard_error":85.98710101153007},"median_abs_dev":{"confidence_interval":{"confidence_level":0.95,"lower_bound":156.57826734095505,"upper_bound":563.065495799437},"point_estimate":306.20237241587273,"standard_error":103.77019483405297},"slope":{"confidence_interval":{"confidence_level":0.95,"lower_bound":26792.710623237956,"upper_bound":28497.741120488496},"point_estimate":27446.320980472534,"standard_error":487.3004687406247},"std_dev":{"confidence_interval":{"confidence_level":0.95,"lower_bound":273.0391396912584,"upper_bound":1614.7868728729404},"point_estimate":1039.2926743545734,"standard_error":402.86979169187396}}