{"mean":{"confidence_interval":{"confidence_level":0.95,"lower_bound":149158.7712928995,"upper_bound":151127.77039817887},"point_estimate":150129.5967958591,"standard_error":503.20404202316},"median":{"confidence_interval":{"confidence_level":0.95,"lower_bound":148635.12593297506,"upper_bound":150965.0050940439},"point_estimate":150353.10262103798,"standard_error":592.5187884722741},"median_abs_dev":{"confidence_interval":{"confidence_level":0.95,"lower_bound":748.4707280129564,"upper_bound":3676.2864987454},"point_estimate":2165.9588105238518,"standard_error":699.3890701670208},"slope":{"confidence_interval":{"confidence_level":0.95,"lower_bound":149417.54088230993,"upper_bound":152262.54041173513},"point_estimate":150834.73188754055,"standard_error":737.433913363822},"std_dev":{"confidence_interval":{"confidence_level":0.95,"lower_bound":1547.9448447818897,"upper_bound":2888.3733287869886},"point_estimate":2306.207850703434,"standard_error":344.73342255074084}}