{"mean":{"confidence_interval":{"confidence_level":0.95,"lower_bound":23450.757939837356,"upper_bound":23694.313914981878},"point_estimate":23577.91761020385,"standard_error":62.19845070102375},"median":{"confidence_interval":{"confidence_level":0.95,"lower_bound":23463.726049688303,"upper_bound":23754.437872965016},"point_estimate":23643.598704314878,"standard_error":66.6851818188423},"median_abs_dev":{"confidence_interval":{"confidence_level":0.95,"lower_bound":148.82081943971596,"upper_bound":458.511829720073},"point_estimate":335.318629096073,"standard_error":86.33380014619149},"slope":{"confidence_interval":{"confidence_level":0.95,"lower_bound":23445.099045854615,"upper_bound":23693.984017594034},"point_estimate":23572.852358022687,"standard_error":63.81595842298302},"std_dev":{"confidence_interval":{"confidence_level":0.95,"lower_bound":237.05190714525986,"upper_bound":443.33247382305814},"point_estimate":345.4319805219204,"standard_error":53.92464765557342}}