{"mean":{"confidence_interval":{"confidence_level":0.95,"lower_bound":930869.4813877881,"upper_bound":938627.2250878406},"point_estimate":934457.6841128191,"standard_error":1987.0978745256061},"median":{"confidence_interval":{"confidence_level":0.95,"lower_bound":930363.1522875817,"upper_bound":935415.0852253181},"point_estimate":932011.777124183,"standard_error":1463.2790849824803},"median_abs_dev":{"confidence_interval":{"confidence_level":0.95,"lower_bound":1992.3030604251771,"upper_bound":10926.938260203671},"point_estimate":5748.540148489889,"standard_error":1987.343172180689},"slope":{"confidence_interval":{"confidence_level":0.95,"lower_bound":927936.169611928,"upper_bound":936059.1933792529},"point_estimate":932066.9047345767,"standard_error":2093.1929041302046},"std_dev":{"confidence_interval":{"confidence_level":0.95,"lower_bound":4478.036842237044,"upper_bound":12034.093946654824},"point_estimate":9160.01845862787,"standard_error":1926.044664190637}}